"predict","Date","Open","High","Low","Close","Adj Close","Volume"
12.817996312781009,1202688000000,12.964406,13.043858,12.787071,12.980346,12.980346,233913491
12.960222515100138,1202860800000,13.013721,13.324805,12.918827,13.31559,13.31559,265981240
12.339053219133547,1203465600000,12.540744,12.727544,12.423932,12.677482,12.677482,267486862
11.623995016859652,1203897600000,12.601516,12.615215,12.098153,12.115588,12.115588,336167332
10.017646334709369,1205107200000,10.680716,10.734763,10.28744,10.301886,10.301886,320701579
10.609067988950393,1205366400000,10.776358,11.132772,10.679471,11.033892,11.033892,310222448
11.301616625473343,1206489600000,11.272498,11.528538,11.190306,11.411975,11.411975,209811488
11.458621101921565,1207267200000,11.382585,11.901142,11.362411,11.733271,11.733271,236772166
11.556865028621687,1207785600000,11.580593,11.802262,11.503133,11.683208,11.683208,203656504
10.815536814456294,1208304000000,11.068512,11.414217,10.98383,11.33327,11.33327,306372069
12.746517539197686,1208736000000,13.434395,13.514096,13.207744,13.394544,13.394544,298703433
13.74004789695557,1209340800000,13.596039,13.868268,13.424681,13.751456,13.751456,160945009
13.517838630979412,1209513600000,14.002764,14.5669,13.909613,14.303636,14.303636,317304895
13.913389996077267,1209686400000,14.906377,15.005008,14.428419,14.477983,14.477983,281001329
14.309594134209462,1209945600000,14.915593,14.91908,14.623438,14.816962,14.816962,252181709
14.247557691443681,1210636800000,14.601022,14.643861,14.409739,14.520573,14.520573,207314163
13.416928296894962,1211500800000,13.622938,13.773374,13.395042,13.564656,13.564656,177924414
13.896808239199437,1211846400000,13.573125,14.012478,13.545478,13.970136,13.970136,155199554
14.348544891044874,1212537600000,14.080473,14.39604,14.061046,14.25208,14.25208,135032244
14.536232916190048,1212624000000,14.373126,14.646103,14.351457,14.602765,14.602765,157255230
13.788413050837928,1213056000000,13.687695,13.918331,13.618455,13.802515,13.802515,146844353
13.092384524020332,1213920000000,13.872502,13.872502,13.561917,13.609737,13.609737,240221045
13.051701390458831,1214784000000,13.262041,13.399774,13.027669,13.111355,13.111355,151176531
13.199960288252559,1215648000000,13.574121,13.686201,13.218454,13.463784,13.463784,173917451
12.244803915561448,1216252800000,13.304133,13.376113,13.063535,13.2862,13.2862,352813493
12.177081445945046,1217289600000,11.937754,12.136011,11.905376,12.032649,12.032649,112532223
11.748704401655623,1217548800000,11.768638,11.786322,11.519323,11.652822,11.652822,120766974
12.049162319045749,1217980800000,11.914591,12.198527,11.768638,12.113097,12.113097,135538133
12.372230583982557,1219017600000,12.698403,12.702388,12.341491,12.410981,12.410981,133855851
11.910187480255324,1219190400000,12.321815,12.370881,12.019199,12.079722,12.079722,159881036
12.468508738384113,1219363200000,12.241615,12.3258,12.191304,12.21895,12.21895,92232419
11.420856234273586,1219795200000,11.799024,11.826422,11.577604,11.670755,11.670755,176141757
9.689324463584342,1221609600000,10.921065,10.937504,10.297403,10.323555,10.323555,366444394
8.067829683766547,1223510400000,8.580837,8.681709,8.01172,8.193788,8.193788,324210683
8.916417549391703,1223856000000,8.861535,9.513093,8.611472,9.489929,9.489929,357555200
8.72660256020302,1224201600000,9.438622,9.613965,9.05481,9.278721,9.278721,572104380
8.575324439219116,1224720000000,8.808235,8.916578,8.418197,8.775109,8.775109,260127380
8.784657225045521,1225756800000,8.803004,9.274238,8.605245,9.139244,9.139244,295097969
7.4466359294075275,1226966400000,7.511097,7.564895,7.107111,7.407734,7.407734,335095329
7.5399073876699205,1228694400000,7.222678,7.707112,7.023674,7.524546,7.524546,326993073
7.888337855568558,1229644800000,7.745717,7.915082,7.696153,7.725294,7.725294,225345496
8.352888178310558,1230249600000,7.573363,7.603002,7.429901,7.48096,7.48096,78657728
7.964659613764667,1230595200000,7.491918,7.641607,7.439864,7.549453,7.549453,154316255
8.32846507222957,1230854400000,7.68619,8.015456,7.60898,8.003003,8.003003,144961322
8.2706685017288,1231113600000,7.995033,8.250077,7.845593,8.170624,8.170624,196293007
8.237676110554474,1231286400000,8.177349,8.241857,7.938993,8.020188,8.020188,180453860
8.429126557644572,1231372800000,7.927287,8.099391,7.903874,8.099391,8.099391,144567852
8.100355812888132,1231804800000,7.765144,7.98507,7.730773,7.828656,7.828656,177964564
7.605881063858604,1231977600000,7.41147,7.561159,7.142976,7.446837,7.446837,238269759
8.445299744431708,1233100800000,8.417947,8.775358,8.376353,8.684199,8.684199,308809170
8.37880346360491,1233187200000,8.581335,8.594037,8.470999,8.550949,8.550949,292444059
8.546072752259775,1233273600000,8.585071,8.687437,8.368632,8.431646,8.431646,187580472
8.549253267778838,1233792000000,8.490924,8.851323,8.393539,8.809978,8.809978,291665150
8.909054548632028,1233878400000,8.878222,9.310353,8.852817,9.247339,9.247339,282579221
8.32912847486243,1235347200000,8.642605,8.712344,8.207984,8.220687,8.220687,209626799
8.499030507251398,1235433600000,8.244597,8.707861,8.241359,8.604,8.604,244749957
7.486706242614751,1236556800000,7.471495,7.63563,7.209228,7.245094,7.245094,259822241
8.183245265319584,1236816000000,7.908856,8.094659,7.811969,8.058046,8.058046,201717262
8.681689263647499,1237939200000,8.727288,8.7507,8.374859,8.569629,8.569629,174102141
8.880555658888497,1238371200000,8.531771,8.563153,8.369878,8.535258,8.535258,124227898
9.058207400731,1238630400000,9.048833,9.209481,8.974362,9.028658,9.028658,180192885
9.292691761193865,1239753600000,9.143229,9.490926,9.070003,9.452071,9.452071,197967259
9.978993960848086,1240790400000,9.572619,9.700889,9.533018,9.612719,9.612719,91967429
9.78416270386095,1240963200000,9.613217,9.837377,9.60973,9.750204,9.750204,144941247
10.102922446960548,1241136000000,9.838871,9.902633,9.752196,9.805497,9.805497,97471985
10.289931173734878,1241481600000,9.962159,10.087191,9.894164,10.037128,10.037128,96391952
10.031180509682763,1241740800000,10.033641,10.214962,9.838124,10.145223,10.145223,155183494
9.920488247659065,1242172800000,9.815459,9.872745,9.672495,9.702134,9.702134,114138220
10.093956381955898,1242864000000,9.870503,10.033392,9.809233,9.875484,9.875484,109199779
10.861147999524896,1244160000000,11.0852,11.141738,10.945474,11.06652,11.06652,147783862
10.30187308712005,1245196800000,10.365896,10.453817,10.250578,10.340242,10.340242,140127270
10.417869495551017,1245801600000,10.180342,10.267266,10.126045,10.19404,10.19404,98680498
10.639390806184842,1246320000000,10.560417,10.640367,10.416457,10.500392,10.500392,104144903
10.373549782490883,1247443200000,10.365398,10.573368,10.34074,10.567889,10.567889,162434571
10.684295597090404,1248134400000,10.733269,10.757179,10.603256,10.657553,10.657553,119173022
11.033690787955884,1248739200000,10.98383,11.028911,10.861787,10.955187,10.955187,101679697
11.324904563820397,1249430400000,11.35743,11.380095,11.155188,11.236383,11.236383,94031136
11.61189025946041,1249862400000,11.33601,11.417455,11.302386,11.372623,11.372623,69941178
11.48853073038304,1250035200000,11.342735,11.500643,11.33053,11.421689,11.421689,94007046
11.699453450746383,1250208000000,11.526297,11.536259,11.379596,11.457056,11.457056,67255147
11.130124967742901,1250467200000,11.24535,11.257554,11.036632,11.080717,11.080717,105200846
11.342107607491343,1250812800000,11.595039,11.608738,11.523059,11.587567,11.587567,142953825
11.666118585093649,1251072000000,11.64012,11.708364,11.567144,11.674491,11.674491,98503838
11.38448052978223,1251763200000,11.449086,11.626919,11.318077,11.351452,11.351452,104185053
11.976941082322519,1253232000000,12.372873,12.378104,12.234891,12.240619,12.240619,131832295
12.272731842477558,1253664000000,12.472749,12.627668,12.396286,12.414966,12.414966,108573440
11.997177145920212,1254441600000,12.04834,12.247593,12.019946,12.069261,12.069261,104421937
12.242141702640726,1254787200000,12.246597,12.437631,12.246597,12.42194,12.42194,109701653
12.273377077089783,1254960000000,12.940745,13.032401,12.785577,12.806498,12.806498,172797268
12.914755725468382,1255478400000,13.261792,13.3395,13.200521,13.333025,13.333025,130824531
13.081803530871348,1255996800000,13.739501,13.772129,13.467022,13.741494,13.741494,162354271
14.143241551718496,1258070400000,14.179103,14.259303,14.112353,14.247846,14.247846,66921903
14.143429123273876,1258934400000,14.358431,14.610237,14.34274,14.504384,14.504384,102281946
14.401596542627935,1259280000000,14.2466,14.507124,14.220946,14.439876,14.439876,55591593
14.546916923449583,1259798400000,14.671009,14.731034,14.570387,14.588818,14.588818,57362205
14.205365737086517,1259884800000,14.770138,14.815219,14.42543,14.570636,14.570636,100920864
14.604049539044091,1260403200000,14.705879,14.81223,14.705132,14.73228,14.73228,66982128
14.394265322563985,1261008000000,14.855319,14.885207,14.788569,14.793052,14.793052,105947635
14.237142773169062,1261094400000,14.845107,14.917336,14.819453,14.85482,14.85482,141789477
14.744520471277294,1261440000000,14.977361,14.981346,14.915344,14.971882,14.971882,75513988
15.293341505686769,1261958400000,15.483464,15.59131,15.404261,15.513601,15.513601,68170566
13.524902184094309,1263513600000,14.778108,14.783587,14.397036,14.445853,14.445853,218194794
13.932115125859095,1263945600000,14.594795,14.594795,14.328543,14.456065,14.456065,130515377
12.905340315097927,1264464000000,13.399027,13.688691,13.357184,13.509862,13.509862,174873019
13.11095198758542,1265155200000,13.167395,13.501892,13.156436,13.470011,13.470011,120413655
12.872490329026977,1265328000000,13.160671,13.287694,13.012725,13.232651,13.232651,126713179
13.143621286621212,1265932800000,13.274494,13.378604,13.212975,13.27823,13.27823,91529795
13.06601489018637,1267142400000,13.136262,13.244108,13.03813,13.12082,13.12082,82279251
13.215079777028862,1267574400000,13.508367,13.65183,13.430908,13.582091,13.582091,124039193
13.784496533772312,1268265600000,14.302889,14.600524,14.301395,14.474247,14.474247,169966698
14.065877515207706,1268352000000,14.648593,14.65208,14.424932,14.434396,14.434396,110548817
13.466335598246506,1269475200000,13.923312,14.2466,13.914346,14.019452,14.019452,157825359
13.701389031538987,1269561600000,14.078979,14.131781,13.948219,14.014719,14.014719,108252241
13.721754183454124,1269993600000,14.073499,14.190311,14.017708,14.125056,14.125056,121686407
13.980150615265142,1270080000000,14.230411,14.282715,14.085952,14.166899,14.166899,84423257
13.978444914820791,1270512000000,14.183337,14.218954,14.082216,14.152453,14.152453,82712870
13.998881824869134,1271030400000,14.130784,14.296414,14.10264,14.264782,14.264782,94448695
12.23362036447902,1271376000000,14.02244,14.167148,13.689439,13.70239,13.70239,491254466
13.186197603592113,1271635200000,13.667521,13.798032,13.574121,13.701145,13.701145,156343827
12.532673411756623,1273449600000,12.801268,13.021692,12.767146,12.992551,12.992551,165738910
11.46741386017792,1274313600000,12.081466,12.094168,11.800768,11.830905,11.830905,197268650
11.020101721681534,1274400000000,11.68271,12.079722,11.566645,11.757181,11.757181,389084940
12.104274458909693,1274918400000,12.078477,12.26179,11.981341,12.215713,12.215713,112785168
12.015197561067026,1277337600000,11.946721,12.023682,11.787318,11.833146,11.833146,76027907
11.238408763514784,1277769600000,11.542735,11.570381,11.235885,11.314092,11.314092,140609069
10.915389293713773,1277942400000,11.090679,11.168139,10.800268,10.946221,10.946221,141070793
11.335563865633759,1279497600000,11.482212,11.697405,11.395288,11.610979,11.610979,182694226
11.781294718635493,1279670400000,12.054816,12.097157,11.841366,11.892922,11.892922,131675710
12.08223481483823,1280275200000,12.327294,12.335015,12.02169,12.063533,12.063533,100214225
12.3493543067022,1280793600000,12.216709,12.265526,12.123558,12.200021,12.200021,72362219
12.597678057877754,1280966400000,12.600022,12.667519,12.54199,12.655066,12.655066,97178890
12.666848602710242,1281312000000,12.509362,12.590308,12.487195,12.586572,12.586572,75168699
12.290247415937767,1281571200000,12.053321,12.322562,12.017705,12.254318,12.254318,88514535
12.387439977420293,1281916800000,12.046845,12.201018,11.967642,12.094417,12.094417,52395658
11.325903326660544,1282608000000,11.399771,11.416458,11.230904,11.24261,11.24261,110922211
11.418594122717124,1283299200000,11.332025,11.580095,11.270256,11.465275,11.465275,129616018
12.090621931811015,1284336000000,11.977605,12.063533,11.943483,12.011727,12.011727,89996068
12.26131028774811,1284940800000,12.266522,12.7126,12.255563,12.659549,12.659549,176800216
12.766530621116036,1285200000000,12.817208,12.943734,12.734767,12.789063,12.789063,93043447
12.838718832905705,1285286400000,12.994792,13.146474,12.908117,13.133024,13.133024,134779299
12.99194910825111,1285545600000,13.171879,13.371132,13.171879,13.210733,13.210733,124761892
12.785472881976801,1285632000000,13.287196,13.289936,12.912849,13.130035,13.130035,146735949
13.044610543857637,1285891200000,13.200521,13.215963,13.026175,13.09143,13.09143,89333594
13.038664074355378,1286150400000,13.074743,13.156935,12.922812,13.009985,13.009985,77910939
13.130972668994719,1286496000000,13.269513,13.389812,13.141243,13.358678,13.358678,114796679
15.07541939556026,1288137600000,15.336764,15.442119,15.251085,15.354199,15.354199,90012128
14.919007381398604,1288742400000,15.379853,15.487698,15.280226,15.446602,15.446602,135726838
14.570005836920362,1289520000000,15.29243,15.364909,14.974123,15.025929,15.025929,136228712
14.50413335081332,1290124800000,14.869266,14.891433,14.703388,14.715592,14.715592,92244464
14.263563853921411,1291593600000,14.46005,14.495667,14.36142,14.405006,14.405006,84065923
14.589818468087014,1291766400000,14.743986,14.757685,14.537759,14.708369,14.708369,70539412
14.73823786297189,1292284800000,14.871508,14.901396,14.756688,14.817211,14.817211,65978380
14.986094317924437,1293494400000,14.995045,15.040375,14.894422,14.917087,14.917087,42751645
15.242329864989468,1294790400000,15.42593,15.42593,15.311857,15.364161,15.364161,65552790
14.088706203399738,1295568000000,15.929791,15.983341,15.226926,15.238632,15.238632,357511035
15.099653553672795,1296604800000,15.217959,15.301148,15.131533,15.242866,15.242866,70691981
15.120233536862251,1296777600000,15.196789,15.228918,15.108619,15.217461,15.217461,62264511
15.076829929125989,1297296000000,15.290189,15.379853,15.231907,15.353451,15.353451,93725996
15.472209998201745,1297900800000,15.473252,15.622692,15.449093,15.573128,15.573128,59373716
14.617871398082151,1299196800000,15.151459,15.167648,14.948968,14.959428,14.959428,120891439
14.33193070840812,1299456000000,14.957685,15.035892,14.6202,14.736265,14.736265,139027162
14.553226242280992,1299628800000,14.719826,14.807249,14.589067,14.739005,14.739005,86362499
13.75722356966661,1300320000000,14.059302,14.17188,13.96117,13.981594,13.981594,116406692
13.682037212792064,1300406400000,14.063287,14.146725,13.941245,13.974122,13.974122,132438559
13.53436811905199,1301961600000,14.472753,14.482964,14.08919,14.174122,14.174122,242806701
14.217302546801541,1302134400000,14.339502,14.461794,14.301146,14.445853,14.445853,101639547
13.788074314233992,1302739200000,14.326052,14.432155,14.249091,14.408742,14.408742,219070062
12.68812239660318,1303084800000,13.111355,13.14224,12.926548,13.121816,13.121816,202347616
13.000932358793403,1303344000000,13.138006,13.157682,13.010982,13.078479,13.078479,99174342
13.164317239094778,1303689600000,13.082215,13.125801,13.001517,13.077233,13.077233,65476506
13.304453762981108,1304553600000,13.296661,13.435142,13.237881,13.306873,13.306873,80211530
13.366238593907447,1304899200000,13.325054,13.411979,13.227919,13.391804,13.391804,78240168
13.151291355969427,1305763200000,13.268516,13.363411,13.193547,13.231655,13.231655,99118132
12.97181564305323,1306195200000,12.96067,13.050085,12.905377,12.908117,12.908117,76284867
12.9562151145457,1306886400000,13.151704,13.280222,13.083709,13.090932,13.090932,118679178
12.663392264225251,1308009600000,12.656311,12.804007,12.627419,12.661791,12.661791,94011061
12.397273272287656,1309305600000,12.367145,12.459549,12.263533,12.392799,12.392799,94071286
12.579456431804129,1309392000000,12.502886,12.619449,12.490682,12.612226,12.612226,97500090
12.97007693072926,1309824000000,13.08346,13.335017,13.08346,13.261293,13.261293,154545110
14.67489548949834,1311033600000,14.847847,15.060549,14.832654,15.007498,15.007498,119144917
14.655563973733809,1311120000000,14.998283,15.014472,14.82817,14.82817,14.82817,89446014
15.044406446189573,1311552000000,15.276739,15.576864,15.267773,15.416714,15.416714,125733520
15.25057294055297,1311638400000,15.393551,15.628919,15.372879,15.504884,15.504884,94067271
14.590702961105073,1311897600000,15.049341,15.31659,15.035892,15.035892,15.035892,166116320
13.560242263853386,1312848000000,13.972627,14.311607,13.474743,14.281719,14.281719,259758001
13.258167856306866,1313366400000,13.784084,14.072005,13.600273,13.878729,13.878729,286867234
12.134415292154422,1313971200000,12.552948,12.627668,12.317083,12.407743,12.407743,196971541
12.808120023869439,1314144000000,12.934767,13.200521,12.882463,13.033398,13.033398,144318923
12.884400090977891,1315526400000,13.235391,13.316337,12.981094,13.072252,13.072252,131242091
13.452504687158115,1316476800000,13.68371,13.910859,13.516088,13.614719,13.614719,111580670
13.252323205098275,1317081600000,13.404756,13.625179,13.351206,13.433149,13.433149,120887424
13.134065347728932,1317168000000,13.486948,13.549712,13.143236,13.171629,13.171629,90871336
12.96848872731805,1317254400000,13.350957,13.38234,12.93676,13.138255,13.138255,116699786
13.432327841926792,1318377600000,13.652079,13.828916,13.564905,13.661294,13.661294,127588447
14.212675339958185,1318982400000,14.628668,14.746228,14.426426,14.463288,14.463288,117699519
14.478190030458997,1319414400000,14.613226,14.943239,14.607747,14.85482,14.85482,137589795
14.697071336086122,1319760000000,14.807498,15.001272,14.800773,14.947473,14.947473,100696024
14.735524356830734,1320624000000,14.77761,15.162667,14.750462,15.151459,15.151459,134799374
14.68929496554869,1320969600000,14.976365,15.245108,14.909117,15.151957,15.151957,159676271
15.283086122658954,1323129600000,15.51659,15.656814,15.448097,15.536017,15.536017,93408812
16.049831237135077,1325548800000,16.262545,16.641375,16.248346,16.57313,16.57313,147611217
15.972927851324233,1325721600000,16.491436,16.537264,16.344486,16.413727,16.413727,131808205
15.397792654270742,1326844800000,15.60725,15.790812,15.494921,15.763664,15.763664,110882061
13.775363894507528,1327017600000,14.70812,14.719826,14.488195,14.595044,14.595044,424637703
14.07168442553295,1327622400000,14.216214,14.453824,14.1801,14.445355,14.445355,145242371
14.910761358307067,1328572800000,15.122069,15.17786,15.037635,15.112604,15.112604,83997668
14.996722275566185,1328745600000,15.243364,15.305133,15.168146,15.229416,15.229416,90927546
15.085521289748883,1329091200000,15.205506,15.288694,15.193551,15.247847,15.247847,72924318
15.004518467356725,1329782400000,15.040375,15.389317,15.015717,15.292679,15.292679,99603946
15.002066377365281,1330041600000,15.12705,15.234149,15.081222,15.190562,15.190562,77714204
15.340433981084239,1330646400000,15.491932,15.541746,15.450089,15.473252,15.473252,63167885
15.022198386587299,1331683200000,15.317586,15.51136,15.27923,15.342244,15.342244,117916329
15.739186535824519,1332374400000,15.902892,16.15943,15.716092,16.090937,16.090937,96769361
15.990880076540076,1332892800000,16.23988,16.403267,16.216219,16.332781,16.332781,101936657
15.781059298418413,1333324800000,15.95943,16.127052,15.811734,16.112606,16.112606,91710470
15.323811788745939,1334016000000,15.778857,15.803265,15.555444,15.612979,15.612979,99652126
15.558575273015752,1334102400000,15.790065,15.840625,15.723564,15.839629,15.839629,88289696
14.864429315035672,1334620800000,15.157187,15.384585,15.118582,15.182343,15.182343,121409373
14.619345246362794,1334793600000,15.085705,15.348968,14.91908,14.926552,14.926552,132277959
14.65312665472992,1335139200000,14.767149,14.905381,14.699901,14.88421,14.88421,88241516
15.096850238144217,1335398400000,15.215718,15.392306,15.185581,15.329292,15.329292,84013728
14.97295216138782,1335916800000,14.973874,15.145979,14.959179,15.124809,15.124809,64701612
15.040473289577378,1336003200000,15.183588,15.313352,15.166901,15.218457,15.218457,75000069
14.91663891581997,1336521600000,15.11385,15.351957,14.989067,15.171882,15.171882,93501157
14.267117340853556,1338940800000,14.358182,14.494919,14.2867,14.46005,14.46005,84146223
14.29253079586002,1339027200000,14.635144,14.642367,14.37736,14.401769,14.401769,70603652
13.7757449552714,1339459200000,14.191058,14.204259,13.912353,14.074744,14.074744,129451404
13.757736228471387,1339632000000,13.980099,14.073997,13.861045,13.924059,13.924059,94147570
14.29298876409715,1340064000000,14.286202,14.552454,14.274496,14.483961,14.483961,83359284
14.036650014952745,1340323200000,14.146974,14.233649,14.092677,14.233649,14.233649,89450029
14.190154780539526,1340928000000,14.320324,14.449091,14.251582,14.447597,14.447597,101157748
14.39598328048665,1341532800000,14.755941,14.782591,14.51609,14.594795,14.594795,86796118
13.991517968386823,1342051200000,14.125056,14.244857,13.999775,14.208742,14.208742,92738308
14.242574408042763,1342396800000,14.355442,14.425679,14.241121,14.319328,14.319328,58723287
14.224646640548361,1342483200000,14.40675,14.462541,14.156936,14.364409,14.364409,67455897
14.360229859783,1342569600000,14.370635,14.537759,14.349465,14.464782,14.464782,62160121
14.958653879824205,1343174400000,15.15121,15.277237,15.077735,15.14299,15.14299,73193322
15.536808030765112,1343779200000,15.873004,15.928048,15.725557,15.757935,15.757935,74060561
15.712189657953346,1343952000000,15.940252,16.032906,15.844112,15.973378,15.973378,76168432
15.790399097590932,1344556800000,15.905134,15.996043,15.843863,15.990065,15.990065,57599089
16.27890964615683,1344988800000,16.694426,16.793304,16.540503,16.626181,16.626181,96789436
16.720527826146085,1346371200000,17.036144,17.150217,16.937513,17.063293,17.063293,85402916
17.10284650101691,1346976000000,17.43465,17.739758,17.376617,17.587828,17.587828,129804723
17.063995107716213,1347235200000,17.677738,17.753704,17.39455,17.453829,17.453829,102783820
16.943034016081665,1347321600000,17.383841,17.45084,17.210491,17.240129,17.240129,75232938
17.400112895871796,1347840000000,17.636644,17.755447,17.559183,17.68322,17.68322,60558139
17.500946190666593,1347926400000,17.628424,17.899408,17.603518,17.889944,17.889944,82981875
18.00098894293509,1348617600000,18.676247,18.959934,18.455824,18.766159,18.766159,227766537
18.15678358731559,1349827200000,18.477243,18.618464,18.388327,18.544491,18.544491,81901842
18.359349747666144,1350432000000,18.529299,18.837891,18.437391,18.816719,18.816719,92059774
16.772702261426343,1351728000000,16.924065,17.208,16.904636,17.125559,17.125559,82311371
16.13480484587559,1353888000000,16.598783,16.612732,16.413977,16.467028,16.467028,88514535
16.302802237030708,1353974400000,16.442619,16.811985,16.388573,16.705135,16.705135,100724129
16.778075077222745,1354147200000,17.130291,17.282721,16.986332,17.232658,17.232658,111476280
16.88701460158734,1354233600000,17.218212,17.415222,17.078238,17.394053,17.394053,127018318
16.8308087517193,1355097600000,17.070765,17.226681,17.030914,17.071512,17.071512,54872909
17.388698345808855,1356480000000,17.635647,17.755447,17.494677,17.655573,17.655573,47473277
17.177195273387824,1356652800000,17.476744,17.606756,17.4349,17.4349,17.4349,56290202
17.956308292726312,1357516800000,18.317591,18.415474,18.196297,18.300158,18.300158,66476239
18.124784393895954,1357862400000,18.48073,18.49144,18.338762,18.430668,18.430668,51600690
17.582987953825427,1358121600000,18.356195,18.48571,17.991314,18.013729,18.013729,114985384
17.07045677410626,1358467200000,17.692682,17.752708,17.467775,17.54698,17.54698,129555794
17.771330707251334,1358899200000,18.331041,18.655075,18.326059,18.468275,18.468275,237249950
18.35806651252933,1359072000000,18.699162,18.891191,18.686209,18.771391,18.771391,89369729
18.74561061295281,1360108800000,18.905886,19.251839,18.891689,19.18235,19.18235,83435569
19.185426671734827,1360713600000,19.43042,19.560432,19.426435,19.498415,19.498415,48107646
19.284867179732476,1361750400000,19.982599,20.134781,19.688454,19.695427,19.695427,92501423
19.486392558671636,1361923200000,19.795799,20.043621,19.703896,19.919836,19.919836,81347773
20.255197267697167,1362441600000,20.645864,20.925318,20.645117,20.886711,20.886711,162370331
20.177481638711203,1362700800000,20.784594,20.795055,20.549227,20.710373,20.710373,116912581
19.82140801568833,1363910400000,20.292439,20.304892,20.165415,20.182102,20.182102,59751126
18.935970436118257,1365120000000,19.578115,19.60128,19.337519,19.503147,19.503147,137870844
19.236349666602205,1365638400000,19.74798,19.75346,19.528303,19.685963,19.685963,81452163
21.27110402846846,1368057600000,21.689701,21.909378,21.624695,21.705643,21.705643,88353936
21.48004928631141,1368144000000,21.801035,21.931295,21.722578,21.923574,21.923574,76192522
22.12693857255667,1368748800000,22.665545,22.75197,22.42893,22.644623,22.644623,112098604
21.29694833432642,1369353600000,21.799789,21.888456,21.693935,21.751471,21.751471,92216359
21.276031139227435,1369958400000,21.621956,21.843126,21.607012,21.699165,21.699165,79071272
21.51681380731464,1370908800000,22.016726,22.092194,21.905891,21.913115,21.913115,70567517
21.51493611735833,1371686400000,22.266291,22.440886,22.000288,22.035904,22.035904,135385563
21.126756376139767,1372032000000,21.715605,21.826191,21.50066,21.663549,21.663549,121128323
21.102214452006738,1372118400000,21.849602,21.909876,21.532043,21.574135,21.574135,102510801
21.336096723877812,1372204800000,21.76218,21.868032,21.682978,21.759689,21.759689,73530581
21.706299000761327,1372636800000,22.078493,22.218719,22.042379,22.114111,22.114111,69250599
22.09205777686489,1373241600000,22.396303,22.572144,22.343252,22.542753,22.542753,79075287
22.583859382021387,1373846400000,23.021212,23.113365,22.823452,23.030924,23.030924,78713937
22.507423340975823,1374019200000,22.939018,23.084972,22.821959,22.877998,22.877998,60469809
22.096745475902594,1374105600000,22.888956,22.914112,22.495432,22.681982,22.681982,145924920
22.06940061059773,1374537600000,22.68248,22.739765,22.40527,22.510626,22.510626,82134711
22.051963463754177,1374624000000,22.596802,22.672518,22.433414,22.488209,22.488209,83451629
21.62455168949753,1374796800000,22.091944,22.166664,21.967661,22.051098,22.051098,71374530
22.138012167450402,1375660800000,22.550226,22.553465,22.396053,22.540512,22.540512,52584363
21.80558122886486,1375920000000,22.30365,22.312368,22.049603,22.233166,22.233166,59743096
21.64773840228255,1376265600000,22.089703,22.092194,21.958942,22.055082,22.055082,55286453
21.87154791541761,1378857600000,22.130548,22.340511,22.069279,22.321085,22.321085,64665477
21.73895195134159,1379030400000,22.278994,22.308384,22.038395,22.143749,22.143749,53214717
21.71329365193372,1379289600000,22.321335,22.341259,22.039143,22.111122,22.111122,53660381
21.65831377461604,1379376000000,22.102406,22.126814,21.942753,22.070026,22.070026,50564822
21.851926078529438,1379635200000,22.375879,22.518845,22.306889,22.493439,22.493439,174463490
21.41202706118818,1380240000000,21.78883,21.856077,21.701408,21.827934,21.827934,50540732
21.865690319251595,1381881600000,22.064049,22.374386,22.017721,22.366913,22.366913,80604999
24.647277126321935,1382400000000,25.031178,25.230431,24.801786,25.08099,25.08099,88675135
25.402643969117793,1383004800000,25.38236,25.826694,25.242884,25.809261,25.809261,64440637
24.859932173056876,1384214400000,25.098425,25.344004,25.031178,25.200045,25.200045,48906630
25.301452508640857,1384300800000,25.074764,25.724827,25.068537,25.715363,25.715363,63412799
25.420176225736537,1384473600000,25.775139,25.853096,25.661564,25.742512,25.742512,51243355
25.43642751915402,1384992000000,25.579123,25.860817,25.554216,25.755213,25.755213,43835693
26.02077173863562,1386201600000,26.331305,26.392574,26.179125,26.334791,26.334791,45517975
27.261169994823344,1388707200000,27.770908,27.818977,27.520098,27.521841,27.521841,66917888
28.015205528402557,1389052800000,28.019974,28.385853,27.924334,28.365179,28.365179,102486711
28.275965832190277,1389657600000,28.342516,28.667547,28.096935,28.627695,28.627695,99676216
26.866418369242858,1390780800000,28.047373,28.057335,26.955713,27.427942,27.427942,174796734
27.643383182625897,1390867200000,27.654345,28.038654,27.64488,27.970409,27.970409,88739375
29.741810682731778,1392336000000,29.778631,29.997313,29.708645,29.95771,29.95771,87795852
29.96164179642619,1392681600000,29.923092,30.208521,29.887974,30.158957,30.158957,84672187
29.724915755353777,1393804800000,30.056091,30.083241,29.692205,29.954971,29.954971,84507572
30.103841757869162,1393891200000,30.261572,30.28648,30.124586,30.259331,30.259331,58928052
28.164625947368826,1396396800000,29.917362,30.158699,28.032537,28.272379,28.272379,2942055
27.764304050517126,1397001600000,27.904388,28.191101,27.571802,28.12977,28.12977,66616395
25.994529849959587,1399852800000,26.103832,26.436916,25.879448,26.423454,26.423454,38250730
26.073960064184238,1400544000000,26.414478,26.738091,26.24295,26.415976,26.415976,35695734
26.853504647706906,1400716800000,26.98242,27.305035,26.964968,27.178383,27.178383,32316482
27.196025800911304,1400803200000,27.28808,27.606207,27.110567,27.559336,27.559336,38643806
27.75275318140223,1401235200000,28.151211,28.314262,27.9732,28.007107,28.007107,33040464
27.59939000987367,1401408000000,27.963226,27.990652,27.719397,27.917852,27.917852,35422988
26.849181392388047,1401753600000,27.47407,27.541386,27.053225,27.172398,27.172398,37332215
27.714535104930402,1402272000000,27.781227,28.06794,27.72588,28.029045,28.029045,29350361
27.55614685811329,1402444800000,27.82361,27.917353,27.675018,27.865496,27.865496,22002242
26.797895305390835,1402876800000,27.387808,27.405758,27.001865,27.139488,27.139488,34051232
27.224169187667524,1403049600000,27.168409,27.602219,27.125526,27.592745,27.592745,34835379
28.90632499091862,1404345600000,29.087641,29.170412,28.966473,29.15645,29.15645,14283107
28.427958361979066,1404864000000,28.500751,28.757048,28.390854,28.725136,28.725136,22335153
28.865373765094397,1405296000000,29.050243,29.180386,28.822369,29.163431,29.163431,37081529
29.140370316600496,1405900800000,29.506491,29.638626,29.181532,29.392801,29.392801,41242922
29.500035467820915,1406073600000,29.580288,29.810656,29.543886,29.717411,29.717411,24663528
29.139978031267344,1406246400000,29.439175,29.511974,29.271135,29.370363,29.370363,18649061
27.938940447381185,1406851200000,28.441914,28.719152,28.065447,28.226006,28.226006,39105069
28.241006925369817,1407110400000,28.3741,28.688734,28.127775,28.579037,28.579037,28546159
28.87986318025132,1408492800000,29.213795,29.254681,29.048746,29.144484,29.144484,20734771
28.81489945418712,1408579200000,29.111076,29.144981,28.977442,29.088636,29.088636,18296094
28.659754084880966,1408924800000,29.155952,29.169914,28.870735,28.930571,28.930571,27228551
28.530102195159667,1409011200000,28.983425,29.010351,28.750067,28.81389,28.81389,32793789
28.185177265788653,1409097600000,28.784472,28.845304,28.427103,28.47183,28.47183,34067276
28.08279050561847,1409184000000,28.400028,28.584023,28.277365,28.382076,28.382076,25858801
28.46306814461028,1409616000000,28.514214,28.812395,28.481304,28.787464,28.787464,31568434
28.531862490278783,1409702400000,28.920597,29.069689,28.671284,28.817881,28.817881,24302540
28.7510753367202,1409788800000,28.920597,29.219776,28.881704,29.019327,29.019327,29163850
28.927581157324553,1409875200000,29.119055,29.247202,29.017832,29.223766,29.223766,32647388
29.141598946288823,1410134400000,29.249695,29.507486,29.234735,29.405268,29.405268,28620362
28.705344129566953,1410220800000,29.36438,29.369366,28.920597,28.970961,28.970961,25744488
28.4578165388806,1412035200000,28.767519,28.913118,28.564077,28.78896,28.78896,32434806
28.473763327958338,1412553600000,28.860764,28.970463,28.64336,28.788462,28.788462,24292512
26.825637518093675,1412899200000,27.809649,28.179134,27.128019,27.14996,27.14996,61638766
25.657444902693175,1413417600000,25.878948,26.399021,25.679497,26.153694,26.153694,74171079
26.563529767018633,1414368000000,26.777981,27.145971,26.777981,26.96447,26.96447,23706909
26.784179183029217,1415836800000,27.414734,27.414734,27.099598,27.194338,27.194338,26787343
26.55806372839514,1416873600000,26.876211,27.124531,26.856365,26.979927,26.979927,35798014
26.494429067224388,1416960000000,26.969954,27.003363,26.77858,26.944525,26.944525,30459397
25.43425011613082,1418342400000,26.103832,26.35265,25.861996,25.861996,25.861996,39891221
24.172546681844906,1418688000000,25.507969,25.582264,24.383057,24.701681,24.701681,79285081
25.719801321140167,1420156800000,26.378078,26.49077,26.133251,26.168653,26.168653,28951268
24.482029728721482,1420588800000,25.280592,25.292759,24.914099,24.986401,24.986401,41301082
24.00464138754238,1421020800000,24.679243,24.730902,24.311253,24.56007,24.56007,46535413
24.855358231033936,1422489600000,25.480045,25.484531,24.991386,25.463091,25.463091,83727244
26.008590204576794,1423180800000,26.309767,26.786457,26.248434,26.477306,26.477306,35270570
26.454380038258048,1424217600000,26.995884,27.199823,26.801914,26.911116,26.911116,29061570
27.051448684544244,1426032000000,27.681002,27.830591,27.458612,27.483543,27.483543,36415706
27.487044192835008,1426809600000,28.005611,28.009102,27.875967,27.941286,27.941286,52337299
26.574286836195245,1427846400000,27.354897,27.481548,26.901142,27.053724,27.053724,39261497
26.205457395795072,1427932800000,26.968458,26.968458,26.619267,26.703186,26.703186,34327989
26.430233830104793,1428537600000,26.977432,27.023308,26.701193,26.964968,26.964968,31157308
26.41447046709993,1428624000000,27.04026,27.04026,26.791943,26.926573,26.926573,28189181
26.40543398598143,1428883200000,26.846792,27.128519,26.791943,26.884687,26.884687,32906096
26.097956133383327,1429142400000,26.422457,26.706179,26.407997,26.616922,26.616922,25997180
26.12877833135549,1429488000000,26.208046,26.73111,26.153196,26.695707,26.695707,33585958
26.773653171845424,1429747200000,26.975939,27.472574,26.937544,27.275116,27.275116,83697161
26.37621800996038,1430352000000,27.393499,27.429501,26.752501,26.867001,26.867001,41644000
25.91151479201756,1431388800000,26.58,26.66045,26.263,26.452,26.452,32684000
26.15844082210078,1431648000000,26.959,26.963699,26.518999,26.692499,26.692499,39426000
26.347391776692387,1431993600000,26.698999,27.033001,26.652,26.868,26.868,39338000
26.201257323697746,1433980800000,26.921249,26.948999,26.650999,26.730499,26.730499,24350000
25.852196422812085,1434412800000,26.42,26.482,26.278,26.407499,26.407499,21436000
26.28234336170329,1434585600000,26.549999,26.907499,26.539499,26.8365,26.8365,36662000
26.40514889777266,1434931200000,26.9795,27.187,26.876499,26.9095,26.9095,25006000
25.519271245471856,1435708800000,26.2365,26.2845,25.911501,26.091999,26.091999,39220000
25.296177019754914,1436313600000,26.0525,26.1367,25.8055,25.841499,25.841499,25934000
25.4831782891567,1436400000000,26.156,26.188499,26.0175,26.034,26.034,36846000
31.137227765029362,1438646400000,31.421,31.740499,31.358,31.4625,31.4625,29818000
32.816205088094,1439251200000,33.459999,33.744999,32.713501,33.039001,33.039001,100584000
30.325731563970038,1440115200000,31.989,32.002499,30.616501,30.624001,30.624001,85304000
31.146949731025163,1440720000000,31.641001,31.844,31.228001,31.518999,31.518999,39574000
30.606117333764864,1440979200000,31.377001,31.790001,30.884001,30.9125,30.9125,43534000
30.04474612485978,1443657600000,30.418501,30.6045,29.9925,30.564501,30.564501,37352000
32.76682364950833,1444867200000,32.733002,33.156502,32.723,33.087002,33.087002,37714000
31.814781566286754,1445385600000,32.7075,32.793499,32.086498,32.130501,32.130501,35822000
35.70106069256405,1446076800000,35.525002,35.912998,35.5005,35.846001,35.846001,29120000
35.86420463032321,1446422400000,35.553001,36.081001,35.2925,36.0555,36.0555,37726000
36.33586162447902,1446595200000,36.099998,36.654999,36.095001,36.405499,36.405499,34134000
37.484336046747224,1448582400000,37.423,37.670502,37.3745,37.513,37.513,16770000
38.32894400138169,1449187200000,37.654999,38.4245,37.5,38.3405,38.3405,55146000
37.512233861069696,1449619200000,37.9585,38.211498,36.850052,37.580502,37.580502,54000000
37.4763097558098,1450310400000,38.120998,38.133999,37.450001,37.4715,37.4715,31068000
37.29532411246342,1450656000000,37.306499,37.5,37.0,37.3885,37.3885,30514000
37.445963565576946,1450742400000,37.5825,37.7425,37.276501,37.5,37.5,27308000
37.43696417534144,1450828800000,37.6735,37.710499,37.200001,37.515499,37.515499,31318000
38.870108850296866,1451347200000,38.334499,38.999001,38.321499,38.830002,38.830002,35300000
37.960661098575095,1451520000000,38.474998,38.474998,37.917,37.944,37.944,30018000
37.06546015687747,1452038400000,36.5,37.359001,36.445999,37.181,37.181,38940000
36.128747685709165,1452556800000,36.084,36.4375,35.865849,36.303501,36.303501,40490000
34.791252465652214,1453852800000,35.683498,35.911751,34.719501,34.9995,34.9995,43884000
37.558997105347274,1454284800000,37.522999,37.893002,37.163502,37.599998,37.599998,102784000
33.8300304491047,1455235200000,34.513,34.6875,33.93,34.119999,34.119999,42828000
34.26705284642923,1455580800000,34.648998,34.900002,34.252499,34.549999,34.549999,50400000
34.64599262244648,1455753600000,35.5,35.6175,34.801498,34.8675,34.8675,37664000
35.63240060600042,1456790400000,35.181,35.940498,34.988499,35.940498,35.940498,43028000
35.293700216268206,1457049600000,35.7495,35.824501,35.300999,35.544498,35.544498,39442000
35.39352222385628,1457568000000,35.405998,35.821999,35.167999,35.640999,35.640999,56670000
36.350885425208375,1457913600000,36.3405,36.775002,36.2575,36.524502,36.524502,34366000
36.72021844864662,1458259200000,37.092999,37.099998,36.591499,36.880001,36.880001,59614000
36.91519200813856,1458518400000,36.825001,37.125,36.6758,37.1045,37.1045,36730000
36.585534755204364,1458777600000,36.600498,36.887348,36.549999,36.764999,36.764999,31898000
36.50271879000229,1459123200000,36.8395,36.949501,36.625,36.676498,36.676498,26026000
37.019796250547,1459209600000,36.7295,37.362499,36.438,37.238499,37.238499,38076000
37.112849070895166,1459728000000,37.502998,37.639999,37.121498,37.2645,37.2645,22684000
37.59310226344928,1461024000000,38.475498,38.494999,37.466499,37.696499,37.696499,40610000
37.49250816302009,1461110400000,37.900002,37.906601,37.5005,37.633499,37.633499,30584000
37.82705931784452,1461196800000,37.769001,38.022499,37.477501,37.957001,37.957001,61210000
34.33809906925498,1461888000000,34.535,34.881001,34.450001,34.650501,34.650501,49754000
35.20919080292679,1462492800000,34.918999,35.592999,34.90535,35.556,35.556,36586000
35.86361107729727,1462838400000,35.837502,36.174999,35.785999,36.159,36.159,31392000
35.47709959640627,1463356800000,35.456501,35.924,35.282501,35.824501,35.824501,26342000
35.05953093735696,1463443200000,35.7995,36.076,35.205502,35.311501,35.311501,40024000
35.013710797839934,1463529600000,35.183498,35.580002,35.031502,35.331501,35.331501,35336000
35.98825844953289,1464134400000,36.037998,36.3755,35.985249,36.2635,36.2635,32584000
36.214828314595316,1464825600000,36.625,36.651001,36.2085,36.52,36.52,26836000
35.16543542292479,1466035200000,35.745499,35.8325,35.162998,35.518002,35.518002,39650000
34.276119030727386,1466121600000,35.432499,35.441002,34.4226,34.585999,34.585999,68048000
34.30620801681187,1467676800000,34.803001,34.847,34.444,34.747501,34.747501,29252000
35.685655028290526,1468454400000,36.078999,36.1105,35.901501,36.047501,36.047501,19004000
36.52183572634268,1468886400000,36.494499,36.849499,36.450001,36.848,36.848,24550000
36.698662222862794,1469404800000,37.033501,37.130501,36.875,36.988499,36.988499,20648000
38.52731273309911,1470009600000,38.054501,39.0215,38.054501,38.644001,38.644001,54010000
38.910332041852556,1470614400000,39.099998,39.1315,38.904549,39.088001,39.088001,22158000
39.08042765983016,1470787200000,39.1875,39.340599,39.138901,39.234001,39.234001,15728000
39.11342155495934,1470873600000,39.25,39.487499,39.148499,39.2425,39.2425,19502000
38.70697678009893,1471478400000,39.0005,39.143002,38.849998,38.875,38.875,14388000
38.569963560826274,1471564800000,38.75,38.855,38.656502,38.771,38.771,17230000
38.80450398430831,1473206400000,39.0,39.136501,38.810001,39.017502,39.017502,17874000
39.62307972885357,1476748800000,39.392502,40.080502,39.278252,39.763,39.763,41138000
39.81413452214516,1477440000000,40.317001,40.348999,39.816002,39.953499,39.953499,32954000
38.19842316902353,1478044800000,38.91,39.0825,38.172501,38.435001,38.435001,37448000
38.874273589944586,1478476800000,38.724998,39.259499,38.627499,39.125999,39.125999,31702000
39.043283400399986,1478649600000,38.997002,39.561352,38.5835,39.265499,39.265499,52142000
37.642206942445576,1479168000000,37.348499,38.220798,37.348499,37.9245,37.9245,47680000
37.737491667419754,1480032000000,38.213001,38.25,38.026001,38.084,38.084,11748000
38.196368210606124,1480291200000,38.0,38.976501,37.990002,38.411999,38.411999,43764000
37.050594073610114,1480550400000,37.872002,37.9925,36.85125,37.396,37.396,60358000
37.15789027974643,1480636800000,37.2295,37.700001,37.154999,37.525002,37.525002,29050000
37.75206639918393,1480896000000,37.885502,38.195,37.645,38.125999,38.125999,27884000
39.44784879893527,1482105600000,39.511002,39.882999,39.313499,39.709999,39.709999,24642000
39.53511056199346,1485907200000,39.984001,40.059502,39.559502,39.784752,39.784752,40594000
39.84892239658569,1486080000000,40.149502,40.299999,40.018501,40.074501,40.074501,29268000
40.748780021077835,1486944000000,40.799999,41.047951,40.774502,40.962002,40.962002,24266000
41.35733206366952,1487721600000,41.432999,41.662498,41.431999,41.537998,41.537998,19658000
41.006230480548645,1488240000000,41.280499,41.426998,41.009998,41.1605,41.1605,45216000
41.14746449344357,1488758400000,41.3475,41.444,41.119999,41.389,41.389,22180000
41.381301943895195,1488844800000,41.369999,41.670502,41.326,41.595501,41.595501,20752000
41.57679494363706,1488931200000,41.675499,41.907501,41.5895,41.768501,41.768501,19796000
42.01632832152168,1489104000000,42.164001,42.245499,41.974998,42.162498,42.162498,34080000
42.47146571800215,1489708800000,42.580502,42.669998,42.355499,42.605999,42.605999,34246000
41.951937661575656,1492732800000,42.144001,42.194,42.029999,42.1595,42.1595,26472000
46.789635723130054,1494201600000,46.306,46.846249,46.263,46.715,46.715,26596000
46.55220006299133,1494460800000,46.265999,46.626499,46.151501,46.529999,46.529999,16700000
46.56199418303363,1495065600000,46.049999,46.658501,45.9375,46.512001,46.512001,31938000
47.8365708740476,1495584000000,47.648998,47.754501,47.474998,47.748001,47.748001,20496000
48.645555041209484,1495670400000,47.866501,48.631451,47.773499,48.477001,48.477001,33210000
49.09808785598324,1496707200000,49.158001,49.412498,48.757,48.828499,48.828499,36292000
47.79892811757419,1497312000000,47.595501,47.999001,47.204498,47.669998,47.669998,40266000
47.12716833613528,1497484800000,46.698502,47.16695,46.222,47.115501,47.115501,42662000
48.04528519611107,1498003200000,47.681999,48.005001,47.537998,47.9725,47.9725,24044000
47.94333458297034,1498089600000,47.935001,48.035999,47.727501,47.8545,47.8545,18828000
48.37820089446228,1498176000000,47.841499,48.299999,47.709999,48.279499,48.279499,30558000
46.52847285959792,1498521600000,47.123001,47.414501,46.342499,46.366501,46.366501,51598000
45.5147967421542,1499212800000,45.088001,45.725498,44.924999,45.585499,45.585499,36278000
47.43585357335682,1499904000000,47.314499,47.7225,47.150501,47.358002,47.358002,25894000
48.31722542780652,1500336000000,47.650002,48.402,47.529999,48.27,48.27,23080000
48.63441957750738,1500422400000,48.391998,48.652,48.2015,48.544498,48.544498,24490000
48.50958898652826,1500508800000,48.75,48.794998,48.0755,48.407501,48.407501,32490000
46.43208122891552,1501632000000,46.4305,46.630001,45.834,46.519501,46.519501,36488000
46.03154320236805,1502668800000,46.126499,46.233398,45.9095,46.133499,46.133499,21290000
46.020425395784315,1502755200000,46.211498,46.327499,45.991001,46.111,46.111,17668000
45.96526350154082,1505433600000,46.233002,46.324501,45.818001,46.0145,46.0145,50108000
45.611974035693194,1505692800000,46.0005,46.104,45.529999,45.75,45.75,26138000
49.59231038853233,1508112000000,49.605,49.695351,49.200001,49.599998,49.599998,18210000
49.69176990883756,1508198400000,49.5145,49.821999,49.429501,49.609001,49.609001,25804000
48.59911835271904,1508889600000,48.418499,48.804501,48.026001,48.6665,48.6665,24226000
52.13846144505608,1510099200000,51.526001,52.176102,51.422501,51.9925,51.9925,21774000
51.33376532051044,1510617600000,51.129501,51.3405,50.7075,51.299999,51.299999,19184000
51.819792828352604,1511222400000,51.165501,51.755501,51.132751,51.724499,51.724499,21940000
50.611734807193486,1512086400000,50.790001,51.1245,50.101002,50.508499,50.508499,38192000
53.715261578596895,1513641600000,53.759998,53.841999,53.177502,53.534,53.534,26774000
52.92744695621046,1514246400000,52.9035,53.006001,52.509998,52.837002,52.837002,15212000
55.48325439579073,1515628800000,55.314999,55.326248,54.9795,55.276001,55.276001,19566000
59.27318916703135,1517184000000,58.824001,59.344501,58.598999,58.778999,58.778999,27578000
58.67928241370949,1517270400000,58.391499,58.826,58.175999,58.184502,58.184502,31126000
52.666555585630135,1517961600000,54.077,54.089001,52.412998,52.429001,52.429001,47384000
52.73426797268179,1518393600000,52.400002,53.075001,52.046398,52.597,52.597,41154000
52.70283607070619,1518480000000,52.25,52.918499,52.20435,52.605,52.605,25302000
56.50312605520077,1519344000000,55.632,56.363998,55.235699,56.3395,56.3395,25220000
54.043950932486894,1519948800000,52.653999,54.099949,52.40575,53.945999,53.945999,45432000
58.30692552415197,1520553600000,56.799999,58.040001,56.623051,58.001999,58.001999,42560000
55.014611255282006,1521504000000,54.950001,55.259998,54.173,54.885502,54.885502,36638000
52.45953125111268,1522022400000,52.299999,52.781502,50.419998,52.6605,52.6605,53302000
50.222522109213756,1522195200000,49.900002,51.211498,49.032001,50.228001,50.228001,67386000
50.53695903222647,1522713600000,50.695499,51.0495,49.703499,50.670502,50.670502,45502000
51.32658708536642,1522886400000,52.066502,52.1395,51.00655,51.390499,51.390499,27260000
51.58436721254661,1523491200000,51.251999,52.0345,51.071751,51.6255,51.6255,27140000
51.11834129490952,1524528000000,52.599998,52.849998,50.529499,50.999001,50.999001,95206000
51.04879608230514,1524614400000,51.276001,51.6245,50.765499,51.058998,51.058998,47822000
51.23178288883325,1525219200000,51.404999,52.019451,51.143501,51.219002,51.219002,32062000
52.633359307867906,1525737600000,52.926998,53.0275,52.35725,52.695499,52.695499,24354000
54.95623341194178,1525910400000,54.301498,55.021999,54.282001,54.878502,54.878502,28860000
53.94944911832938,1526515200000,53.994499,54.343498,53.674999,53.929501,53.929501,20876000
54.42746910114006,1527724800000,53.377998,54.859501,53.377998,54.2495,54.2495,61766000
56.10079403515847,1527811200000,54.967499,56.0,54.924999,55.974998,55.974998,48432000
57.13225664446946,1528070400000,56.116501,57.094501,56.10025,56.9645,56.9645,37792000
56.3148747631486,1528329600000,56.566002,56.791,55.826,56.193001,56.193001,30400000
57.759137956487265,1528934400000,57.192501,57.773499,57.032001,57.605999,57.605999,26868000
57.801450509231984,1529020800000,57.443001,57.671001,57.174252,57.612999,57.612999,42450000
58.596323701967584,1529366400000,57.924999,58.563499,57.7005,58.403,58.403,32420000
57.9129664507872,1529625600000,57.957001,58.124851,57.362999,57.773998,57.773998,26220000
56.340215194612895,1529884800000,57.18,57.195499,55.639,56.240501,56.240501,43146000
55.177039555833396,1530576000000,56.791,56.791,55.000999,55.144501,55.144501,13580000
56.23172225180624,1530748800000,55.526501,56.375,55.424,56.213501,56.213501,21334000
57.026832409473386,1530835200000,56.179001,57.046501,56.03685,57.008499,57.008499,19922000
57.759237339584054,1531094400000,57.424,57.733501,57.171001,57.702499,57.702499,18180000
57.74167824752365,1531180800000,57.848999,57.9795,57.4795,57.641998,57.641998,15968000
63.86948718295273,1532563200000,62.549999,63.488548,62.451,63.4165,63.4165,48112000
61.12947377012926,1532995200000,61.0005,61.379398,60.279999,60.862999,60.862999,32894000
61.58700837428216,1533168000000,60.294998,61.493999,60.239498,61.307499,61.307499,30626000
61.3973385916985,1533254400000,61.480999,61.5,60.752998,61.185501,61.185501,21792000
60.346420171752214,1534809600000,60.400002,60.862999,60.0177,60.081001,60.081001,24112000
60.552334130526376,1534982400000,60.356998,61.063999,60.212002,60.269001,60.269001,19852000
58.58942184234594,1536192000000,59.314999,59.314999,57.599998,58.571999,58.571999,37770000
58.644924274348924,1537747200000,57.858501,58.900002,57.345501,58.668499,58.668499,25420000
59.15957024283048,1537920000000,59.2575,59.711498,58.738251,59.024502,59.024502,29246000
59.74787216865029,1538092800000,59.593498,59.7705,59.224998,59.6735,59.6735,27612000
59.93431477133524,1538352000000,59.994499,60.494999,59.514999,59.765499,59.765499,27152000
60.218423581296236,1538524800000,60.25,60.320499,59.691502,60.147499,60.147499,25124000
54.51131086137894,1539561600000,55.445499,55.672298,54.450001,54.612499,54.612499,27448000
51.467486455483595,1540857600000,50.423,51.8745,50.037498,51.810501,51.810501,64254000
54.4483658023223,1541548800000,53.450001,54.772999,53.294998,54.669498,54.669498,41168000
51.61732096269307,1541980800000,53.0695,53.105999,51.549999,51.931499,51.931499,29436000
51.826365925033215,1542153600000,52.5,52.728199,51.549999,52.182999,52.182999,31318000
50.81741770904252,1542931200000,51.5,51.879501,51.119949,51.194,51.194,13830000
52.42897194274545,1543881600000,55.155998,55.221001,52.499001,52.541,52.541,46904000
50.92874006307394,1545177600000,51.699501,53.099998,50.4025,51.150501,51.150501,49586000
54.115358458165375,1547683200000,53.973499,54.59,53.674999,54.494999,54.494999,24854000
53.20978156810855,1548115200000,54.400002,54.5755,53.1735,53.526001,53.526001,32270000
54.59656855932117,1549497600000,55.208,55.242001,54.299999,54.935501,54.935501,40896000
54.40630313583535,1549584000000,54.349998,54.945499,54.327499,54.752998,54.752998,21516000
55.345478082779074,1550620800000,55.9995,56.170502,55.264,55.689999,55.689999,21756000
55.74878377609028,1551312000000,55.564999,56.3825,55.550499,55.995998,55.995998,30850000
57.899042249977256,1551744000000,57.502998,58.480499,57.30975,58.101501,58.101501,28864000
56.87208466271298,1551916800000,57.785999,57.837749,56.745499,57.165001,57.165001,23332000
59.540639422147535,1552435200000,60.032249,60.046501,59.597,59.666,59.666,28718000
59.031026730928936,1552867200000,59.165001,59.5,58.871052,59.213001,59.213001,25852000
60.0015196256207,1554940800000,60.198002,60.397999,60.0065,60.230999,60.230999,14204000
61.69172092742778,1555459200000,61.650002,62.028,61.390999,61.817001,61.817001,24438000
62.7501383766846,1556064000000,63.206001,63.400501,62.75,62.799999,62.799999,20376000
63.507159101200884,1556236800000,63.450001,63.6535,63.015999,63.609001,63.609001,24828000
58.43640912422827,1557187200000,59.023499,59.521999,58.051998,58.705002,58.705002,31028000
57.872197366958936,1558051200000,58.4235,59.0075,58.0005,58.115002,58.115002,24172000
57.21444786493397,1558483200000,57.337502,57.925999,57.294498,57.570999,57.570999,18290000
51.40445501963825,1559520000000,53.275002,53.275002,51.25,51.811501,51.811501,102612000
52.73981396066386,1559865600000,52.531502,53.546001,52.419998,53.301998,53.301998,36048000
53.88382629333983,1560384000000,54.181999,54.7085,54.0075,54.438499,54.438499,21154000
53.47245930947728,1561507200000,54.325001,54.648499,53.612,53.990002,53.990002,36218000
55.54060005818155,1562112000000,55.870499,56.338001,55.693001,56.078999,56.078999,15340000
56.72983342606977,1562889600000,57.199501,57.367001,56.938999,57.244999,57.244999,17280000
56.72956593164444,1563840000000,57.200001,57.345001,56.59,57.310501,57.310501,21874000
62.60947912959704,1564099200000,61.202,63.2775,61.200001,62.5205,62.5205,96116000
61.03155420650654,1564444800000,61.2705,61.7435,61.165001,61.257,61.257,29066000
60.28905867541753,1564617600000,60.7015,61.705502,60.285999,60.4505,60.4505,33970000
57.24253357841642,1564963200000,58.501999,58.762001,57.007,57.616001,57.616001,51950000
58.133155306603655,1565049600000,58.165501,58.998001,58.0,58.497501,58.497501,34188000
57.945811109991176,1565827200000,58.174999,58.792,58.105499,58.362999,58.362999,24374000
58.9490864083543,1567123200000,59.924999,59.924999,59.190151,59.404999,59.404999,22596000
58.01156314572612,1567468800000,58.851501,59.344501,58.16,58.419498,58.419498,29598000
58.550658730304455,1567555200000,58.835499,59.174,58.549999,59.070499,59.070499,21378000
61.04667960134277,1568678400000,61.52,61.75,61.184502,61.4575,61.4575,19102000
58.36053937851671,1569974400000,59.848999,59.848999,58.564499,58.831501,58.831501,32302000
58.782042100443974,1570060800000,59.0,59.452999,58.121498,59.391499,59.391499,32424000
59.942813093701545,1570147200000,59.594501,60.571999,59.4585,60.450001,60.450001,23248000
60.42365431812503,1571011200000,60.617001,61.316502,60.588001,60.856998,60.856998,17350000
62.51532770404039,1571788800000,62.118,62.994499,62.118,62.956501,62.956501,18230000
62.885298432502466,1571961600000,62.551498,63.48,62.5005,63.2565,63.2565,24262000
64.2652454697942,1572825600000,63.822498,64.706497,63.817749,64.568497,64.568497,30020000
65.32722832162762,1573171200000,65.264,65.900002,65.218246,65.568497,65.568497,25028000
65.81612865547014,1574035200000,66.611,66.776451,65.875,66.035004,66.035004,29748000
64.45870317734791,1574380800000,65.280998,65.436501,64.570503,64.766998,64.766998,27714000
64.8717549193054,1574985600000,65.356003,65.510246,65.198502,65.248001,65.248001,11740000
66.96074934551594,1576022400000,67.542,67.559998,67.133499,67.250999,67.250999,17008000
67.33148434904723,1577404800000,68.149498,68.226501,67.4655,67.594498,67.594498,20768000
67.83391726022754,1578009600000,67.392998,68.625,67.277199,68.032997,68.032997,23728000
69.56449268994709,1578355200000,69.897003,70.149498,69.518997,69.667,69.667,30054000
71.46740311374417,1578614400000,71.377998,71.746452,70.917503,71.486504,71.486504,36414000
71.54852889189834,1578960000000,71.9505,72.089996,71.418503,71.543999,71.543999,31178000
72.54870643017254,1579132800000,72.372002,72.599503,72.045998,72.584999,72.584999,23474000
71.63604556865376,1580083200000,71.550003,71.903503,71.059998,71.695,71.695,35104000
72.9009978815113,1580256000000,72.940002,73.2715,72.336998,72.931503,72.931503,21554000
71.77331844252207,1580428800000,73.445,73.5065,71.426498,71.711502,71.711502,48344000
74.07417498114555,1581033600000,73.364998,74.292,73.317497,73.961502,73.961502,23446000
75.61574323659583,1581292800000,73.716003,75.474998,73.716003,75.433998,75.433998,28398000
75.781679724493,1581379200000,75.5905,76.481499,75.281898,75.439499,75.439499,26892000
76.20070494045278,1581638400000,75.779999,76.037003,75.366997,76.037003,76.037003,23956000
74.41538338835684,1582243200000,75.401497,75.610748,74.022003,74.255501,74.255501,34634000
69.34831639876802,1582588800000,71.650002,71.906998,69.120003,69.422501,69.422501,49566000
53.929878577365415,1584489600000,52.8255,55.325001,51.863998,54.84,54.84,84668000
55.05036153936275,1584576000000,54.6525,57.898499,53.005402,55.7645,55.7645,73022000
56.34313897464527,1585526400000,56.251999,57.581501,54.824001,57.341,57.341,51482000
62.91526427100874,1586822400000,62.254501,64.1035,61.8465,63.461498,63.461498,49408000
62.53410141415,1586995200000,63.705002,63.950001,62.131001,63.1735,63.1735,50362000
63.5959974884486,1587081600000,64.2425,64.721497,63.561501,64.162498,64.162498,38980000
62.67651564824699,1587513600000,62.277,64.280647,62.099998,63.1605,63.1605,41848000
63.168573288113535,1587945600000,64.800003,64.807503,63.450001,63.793999,63.793999,32012000
65.70605805846562,1588550400000,65.411499,66.383003,64.949997,66.339996,66.339996,30080000
69.04094122996153,1588896000000,69.156502,69.938004,68.774002,69.418503,69.418503,27738000
68.27706953392061,1589846400000,69.349854,69.599998,68.674248,68.674248,68.674248,25612000
71.46109120551348,1592438400000,72.458,72.570503,71.350502,71.797997,71.797997,31638000
71.3818391677618,1592524800000,72.199997,72.389999,71.067497,71.585999,71.585999,63158000
71.43377895297496,1592956800000,73.0755,73.771004,71.487503,71.598503,71.598503,35120000
69.17198637126805,1593388800000,67.908997,69.779999,67.350502,69.748497,69.748497,36204000
71.58309589776525,1593561600000,70.555,72.150002,70.490997,71.902,71.902,35504000
75.74564801719043,1594598400000,77.5,78.856598,75.262154,75.567001,75.567001,36928000
75.69322086373694,1594857600000,75.0,75.934502,74.315498,75.900002,75.900002,30386000
73.50585503038951,1596412800000,74.332001,74.523499,73.281998,73.722504,73.722504,46604000
77.97626728115807,1597708800000,76.308998,78.123497,76.185501,77.93,77.93,40542000
79.65529955425615,1598227200000,79.698997,80.708504,79.028503,79.410004,79.410004,28198000
82.04031507367367,1598832000000,82.394501,82.398247,81.515503,81.709,81.709,36468000
76.81424222561907,1599523200000,76.675499,78.193253,76.400497,76.619499,76.619499,52218000
76.02246319058992,1599782400000,76.800003,78.760002,74.867996,76.036003,76.036003,31942000
72.65095366557168,1600387200000,74.900497,75.150146,71.856499,72.999496,72.999496,62078000
72.76401441457672,1601251200000,73.710503,73.839996,72.46505,73.225998,73.225998,40158000
73.19031792272997,1601424000000,73.339996,74.487503,72.994003,73.480003,73.480003,34032000
78.53907517695406,1602547200000,79.186501,79.5,78.160004,78.584,78.584,32020000
82.21590309503074,1603411200000,81.303497,82.117996,81.025497,82.050003,82.050003,27516000
80.14203464967773,1603756800000,79.783501,80.342247,79.139,80.212997,80.212997,24580000
75.61931274738758,1603843200000,77.987,78.067497,75.731003,75.831001,75.831001,36680000
81.41973422387672,1604016000000,83.605499,84.349998,80.223,81.050499,81.050499,86582000
88.4453782227305,1604448000000,85.514,88.568253,85.301498,87.456497,87.456497,71418000
88.38537253473136,1605052800000,87.5,88.210999,87.368248,87.635498,87.635498,25280000
92.34278130278634,1606867200000,89.904999,91.782501,89.473648,91.397499,91.397499,24440000
88.16192058336406,1609372800000,86.771004,87.946503,86.771004,87.594002,87.594002,20238000
86.76147683780151,1609718400000,87.876999,88.032501,85.392502,86.412003,86.412003,38038000
88.94188680028142,1610323200000,89.303497,89.715752,88.026001,88.335999,88.335999,24194000
95.6103891808981,1611100800000,91.572998,95.185501,91.276497,94.345001,94.345001,49806000
105.88779196461039,1612310400000,103.650002,105.824997,100.918999,103.503502,103.503502,82364000
107.90014751372209,1613088000000,104.512497,105.441002,104.156502,105.205498,105.205498,17114000
109.34848228363234,1613520000000,105.0,106.682999,104.945999,106.415497,106.415497,21418000
107.97382842378701,1613692800000,105.963501,106.526497,104.870499,105.056999,105.056999,29148000
103.6659697107437,1615161600000,105.056503,106.440498,101.080498,101.208504,101.208504,32948000
103.91492863140817,1616630400000,102.240501,102.943497,100.536499,102.218002,102.218002,28378000
109.5185641029237,1617235200000,104.897499,107.147003,104.844498,106.887497,106.887497,33980000
118.30354688968154,1617926400000,112.834999,114.452003,112.685699,114.293999,114.293999,20888000
119.03598382137756,1618531200000,115.150002,115.321999,114.222504,114.888,114.888,22596000
119.47831153104585,1618790400000,114.598999,115.922501,114.39225,115.120003,115.120003,24688000
123.36371465587115,1620259200000,117.531998,119.135498,117.116898,119.067497,119.067497,20618000
116.70241899880833,1620864000000,113.054497,113.830048,112.136002,113.098503,113.098503,26670000
121.6794046690325,1621555200000,118.2995,118.449997,117.1185,117.254997,117.254997,22832000
124.85350325508062,1622073600000,121.847,122.0,120.099998,120.125504,120.125504,38962000
125.52958330137324,1622592000000,121.765503,122.099998,120.209999,121.064003,121.064003,17158000
124.52650612417375,1622678400000,119.750999,120.487251,119.141502,120.230499,120.230499,18346000
129.96335312567174,1623369600000,126.246002,126.349503,124.914497,125.696503,125.696503,25240000
130.42746521177298,1623628800000,125.669502,126.411499,125.046997,126.351997,126.351997,22550000
130.22160938424793,1624924800000,126.772499,127.0,125.436996,126.018501,126.018501,20950000
133.65942106685063,1625616000000,130.341003,130.639893,129.759995,130.077499,130.077499,16680000
134.80877719854035,1626393600000,131.641006,132.182999,130.821503,131.845505,131.845505,14856000
134.21732341645892,1626739200000,130.003998,132.001343,129.1884,131.101501,131.101501,19084000
135.87841534161726,1626912000000,132.649994,133.504501,132.399994,133.328506,133.328506,13608000
138.07476582412457,1627430400000,138.561996,139.675995,136.350006,136.3815,136.3815,54688000
138.0197401109371,1627516800000,136.3806,137.151505,136.138,136.540497,136.540497,19284000
137.59751402237725,1628035200000,136.249496,136.537994,135.414993,136.028503,136.028503,16528000
138.64958406266473,1628640000000,138.283005,138.847748,137.350006,137.689499,137.689499,15204000
138.8045444036363,1628726400000,137.712997,138.417999,136.779007,138.389496,138.389496,14646000
138.92758806103367,1629072000000,138.0,138.990494,136.165756,138.916,138.916,18040000
138.3729935207106,1629158400000,138.190994,138.718506,136.787506,137.300507,137.300507,21272000
138.81435745292725,1629417600000,137.082993,138.614502,136.466995,138.436996,138.436996,15564000
142.2960332045584,1630281600000,144.704498,146.489502,144.600006,145.469498,145.469498,16916000
141.66577704361447,1631750400000,145.121002,145.199997,143.416351,144.373505,144.373505,20292000
140.42516344401685,1631836800000,143.798492,144.249496,141.061493,141.463501,141.463501,60040000
139.12946587008827,1633910400000,139.800003,140.763657,138.806503,138.847504,138.847504,16584000
141.38729357060942,1634601600000,143.291504,144.106995,143.095993,143.822006,143.822006,15316000
140.83782534311024,1634774400000,142.192001,142.849503,141.636993,142.780502,142.780502,14850000
138.58492433063105,1635120000000,138.810501,139.205795,136.748505,138.772995,138.772995,21082000
142.2187875648354,1635379200000,147.298996,147.4245,144.763504,146.128998,146.128998,32418000
141.43634135904526,1635724800000,148.164993,148.399506,143.579498,143.774002,143.774002,32272000
142.25164367748224,1635811200000,144.809402,146.920502,144.641006,145.863007,145.863007,21150000
142.4478411868893,1636502400000,148.00975,148.699997,145.324997,146.626007,146.626007,22708000
143.72326718151393,1637280000000,151.0,151.850006,149.887497,149.952499,149.952499,19766000
142.3766638269263,1637625600000,147.113007,147.694,144.889496,146.757004,146.757004,18126000
142.38429983292517,1637712000000,146.350006,147.0,145.199005,146.717499,146.717499,16464000
140.90119707944996,1638748800000,143.574005,144.351501,140.647003,143.796494,143.796494,22198000
143.08120815297156,1639094400000,149.100006,149.399994,147.357498,148.675003,148.675003,21634000
142.4362753066855,1639353600000,148.444,148.5625,146.360001,146.704498,146.704498,24104000
140.37474967800486,1639958400000,140.679596,142.610504,140.25,142.401505,142.401505,20264000
142.27335497626342,1640649600000,148.374496,148.374496,145.935501,146.447998,146.447998,18624000
142.26376314520115,1640736000000,146.429504,147.183746,145.504501,146.504501,146.504501,17022000
138.842685409721,1641859200000,138.180496,140.329498,136.813507,140.017502,140.017502,23502000
132.697462549985,1642723200000,133.011993,134.760498,130.001007,130.091995,130.091995,41920000
133.92868955572834,1643328000000,130.0,133.370499,128.694504,133.289505,133.289505,30518000
135.81163102275016,1643587200000,134.197998,135.843506,132.274002,135.698502,135.698502,34056000
132.7994484668725,1645660800000,125.0,133.037003,124.764503,132.673492,132.673492,43166000
132.4136094600933,1646956800000,133.999496,134.199997,130.296494,130.475494,130.475494,26600000
136.2530379553688,1647561600000,133.884003,136.913498,132.932007,136.801498,136.801498,45900000
139.18375215207672,1648080000000,139.272507,141.3965,138.039398,141.311996,141.311996,20544000
140.22637123991564,1648598400000,142.869995,143.480499,142.167999,142.644501,142.644501,21046000
138.72137320219184,1648684800000,142.448502,142.644501,139.619003,139.649506,139.649506,29516000
137.0755458208376,1649203200000,139.161499,139.848495,136.418106,137.175995,137.175995,23574000
130.16645297767673,1649721600000,132.423492,132.423492,127.575996,128.374496,128.374496,23004000
129.39212566913503,1650240000000,127.410004,128.712006,126.578453,127.960999,127.960999,14918000
119.30267600604304,1651536000000,116.764999,119.300003,116.626999,118.129501,118.129501,21216000
122.67839041372272,1651622400000,118.003502,123.142998,115.738503,122.574997,122.574997,33232000
116.54728292768579,1651795200000,115.518997,117.498497,114.142998,115.660004,115.660004,35310000
115.71306326890192,1652659200000,115.384003,116.607498,114.334999,114.792503,114.792503,23282000
111.47699606037929,1652918400000,111.841003,113.587502,110.468002,110.745499,110.745499,29192000
105.20934347112536,1653350400000,106.377502,106.394997,102.208,105.926003,105.926003,60386000
114.82074345215037,1653955200000,113.079002,116.433502,112.572502,114.039001,114.039001,51302000
115.15328692720738,1654041600000,114.931503,117.399002,113.550499,114.137001,114.137001,28630000
117.83575381352333,1654128000000,114.188004,117.898003,113.307999,117.746002,117.746002,27472000
115.06236008945362,1654214400000,115.9925,116.364502,113.667999,114.564003,114.564003,25052000
118.20563465888048,1654646400000,116.876503,118.646004,116.696747,117.237999,117.237999,22544000
107.27392085722244,1655164800000,106.889999,108.457497,106.351997,107.194,107.194,25480000
117.24694735649047,1656288000000,118.934998,119.25,116.000748,116.622498,116.622498,32840000
108.85062174492003,1656633600000,108.336998,109.806351,107.105003,109.081001,109.081001,31028000
113.18516309566218,1656979200000,107.514503,114.052597,106.249496,113.887001,113.887001,36398000
120.4773977066553,1657238400000,117.550003,120.434998,117.514,120.168503,120.168503,29082000
112.83478616076624,1657843200000,112.962997,114.000504,111.822502,112.766998,112.766998,34330000
114.18403895183138,1658188800000,111.730003,114.809998,110.5,114.620003,114.620003,30992300
105.15022729358847,1658793600000,107.43,107.739998,104.760002,105.440002,105.440002,36626600
116.10570287136156,1659398400000,114.43,117.080002,114.260002,115.900002,115.900002,17911000
118.86131610253813,1659916800000,119.120003,120.860001,117.830002,118.139999,118.139999,17061100
120.42224401397993,1660176000000,122.080002,122.339996,119.550003,119.82,119.82,16671600
108.33913750724022,1662076800000,111.339996,111.675003,108.129997,108.68,108.68,20618100
103.54611978639554,1663200000000,105.010002,106.209999,103.309998,103.900002,103.900002,26494900
100.24550875730932,1664323200000,98.019997,101.400002,97.800003,100.739998,100.739998,24617000
99.14024818107683,1665619200000,95.93,100.529999,95.269997,99.709999,99.709999,32812200
94.52854538483692,1666742400000,96.760002,98.540001,94.57,94.82,94.82,71504300
89.74823154765619,1667260800000,95.589996,96.165001,90.43,90.5,90.5,43220600
86.04248014779395,1667347200000,90.910004,91.300003,87.010002,87.07,87.07,43553600
87.7666087202067,1667865600000,89.160004,90.404999,87.650002,88.910004,88.910004,30172000
98.05113247631157,1668470400000,98.669998,100.419998,97.019997,98.720001,98.720001,31831000
98.39110341631383,1668556800000,98.019997,99.849998,97.902,98.989998,98.989998,24660200
96.82363384574148,1669334400000,98.464996,98.940002,97.529999,97.599998,97.599998,8567800
95.46115515244443,1669593600000,97.199997,97.830002,95.889999,96.25,96.25,19974500
99.3455106842531,1670198400000,99.815002,101.75,99.355003,99.870003,99.870003,19955500
96.52019635693722,1670284800000,99.669998,100.209999,96.760002,97.309998,97.309998,20877600
90.0902940586709,1671062400000,93.540001,94.029999,90.43,91.199997,91.199997,28298800
88.5083597832523,1671753600000,87.620003,90.099998,87.620003,89.809998,89.809998,17815000
87.59739492613187,1672272000000,87.029999,89.364998,86.989998,88.949997,88.949997,18280700
87.30875113179815,1672790400000,91.010002,91.239998,87.800003,88.709999,88.709999,27046500
